NAME,CATEGORY
1600 STRATEGIES,DIGITAL & SOCIAL MEDIA CONSULTING
1892 LLC,POLLING & RESEARCH
3 DOG CONSULTING LTD,FUNDRAISING & FUNDRAISING CONSULTING
360 CAMPAIGN CONSULTING,CAMPAIGN CONSULTING
4C PARTNERS,FUNDRAISING & FUNDRAISING CONSULTING
4DEGREES,DIGITAL ADVERTISING
50 PLUS 1 STRATEGIES (50+1 STRATEGIES),CAMPAIGN CONSULTING
500 NORTH TRYON LLC,OFFICE EXPENSES
76 WORDS,MEDIA & ADS
814 CONSULTING,FUNDRAISING & FUNDRAISING CONSULTING
9SEVEN CONSULTING,COMPLIANCE CONSULTING/SERVICES
AARON THOMAS & ASSOCIATES,DIRECT MAIL
AB DATA,DATA & DATABASE SERVICES
ABH CONSULTING,FUNDRAISING & FUNDRAISING CONSULTING
ABSB RESOURCES,GENERAL OPERATIONS & SUPPLIES
ACCELEVATE,CAMPAIGN CONSULTING
ACE SPECIALTIES,"PR, COMMUNICATIONS, & MARKETING"
ACS SOUND AND LIGHTING,EVENT EXPENSES
ACTBLUE,CREDIT CARD PROCESSING FEES
ACTION COMMITTEE MARKETING,"PR, COMMUNICATIONS, & MARKETING"
ACTION MAILERS,PRINTING
ACTION MAILING,DIRECT MAIL
ACTION SQUARED,CREDIT CARD PROCESSING FEES
ACTIVE ENGAGEMENT,FUNDRAISING & FUNDRAISING CONSULTING
STANLEY ADAIR,CRIMINAL INVESTIGATION OF THE US GOVERNMENT AND ELECTION
ADCO PRINTING AND GRAPHICS,PRINTING
ADELSTEIN ASSOCIATES,DIGITAL ADVERTISING
AUTOMATIC DATA PROCESSING (ADP) (FEES),SALARY & PAYROLL PROCESSING FEES
AUTOMATIC DATA PROCESSING (ADP) (PAYROLL TAX),PAYROLL TAX
AUTOMATIC DATA PROCESSING (ADP) (PAYROLL),SALARY & PAYROLL
ADVANCED AVIATION,TRAVEL & LODGING
ADVANCED NETWORK STRATEGIES,FUNDRAISING & FUNDRAISING CONSULTING
ADVANCED RESPONSE SYSTEMS,SHIPPING & POSTAGE
ADVANTAGE DIRECT COMMUNICATIONS,DIRECT MAIL
ADVERTISING ANALYTICS,MEDIA & ADS
ADVICTORY,DIGITAL ADVERTISING
AEGIS PROCESSING SOLUTIONS,DIRECT MAIL
AETNA,INSURANCE
AIDEM,MEDIA & ADS
AIR PARTNER,TRAVEL & LODGING
AIRBNB,TRAVEL & LODGING
AISLE 518 STRATEGIES,DIGITAL ADVERTISING
AJ STRATEGIES,FUNDRAISING & FUNDRAISING CONSULTING
AKM CONSULTING,FUNDRAISING & FUNDRAISING CONSULTING
AKPD MESSAGE AND MEDIA,MEDIA & ADS
AL MEDIA (ADELSTEIN LISTON),MEDIA & ADS
AL STRATEGIES,FUNDRAISING & FUNDRAISING CONSULTING
ALASKA AIRLINES,TRAVEL & LODGING
ALERION JETS,TRAVEL & LODGING
ALL MOBILE VIDEO,MEDIA & ADS
ALLEGIANCE DIRECT,DIRECT MAIL
ALLEGIANCE STRATEGIES,FUNDRAISING & FUNDRAISING CONSULTING
ALLEN SCHNASER,OFFICE EXPENSES
ALLSCOPE SERVICES,MEDIA & ADS
ALVARADO CONSULTING,FUNDRAISING & FUNDRAISING CONSULTING
AMALGAMATED BANK,CREDIT CARD PAYMENT & BANK FEES
AMAZON,OFFICE EXPENSES
AMAZON WEB SERVICES/DIRECT CONNECT,DATA & DATABASE SERVICES
AMERICA DIRECT,DIRECT MAIL
AMERICA FIRST POLICIES,POLITICAL FUNDS & GROUPS
AMERICA RISING,CAMPAIGN CONSULTING
AMERICA VOTES,POLITICAL FUNDS & GROUPS
AMERICAN ACTION NETWORK,SOFTWARE & TECHNOLOGY
AMERICAN AIRLINES,TRAVEL & LODGING
AMERICAN AUDIO VISUAL,MEDIA & ADS
AMERICAN CROSSROADS,POLITICAL FUNDS & GROUPS
AMERICAN EXPRESS (AMEX),CREDIT CARD PAYMENT & BANK FEES
AMERICAN LIBERTY GROUP,FUNDRAISING & FUNDRAISING CONSULTING
AMERICAN MADE MEDIA CONSULTANTS,MEDIA & ADS
AMERICAN MEDIA ADVOCACY GROUP,MEDIA & ADS
AMERICAN PCI SERVICES,SOFTWARE & TECHNOLOGY
AMERICAN PUBLIC RESOURCE,LEGAL SERVICES
AMERICAN TECHNOLOGY SERVICES,SOFTWARE & TECHNOLOGY
AMERICAN VIEWPOINT,POLLING & RESEARCH
AMERICANS FOR PROSPERITY,POLITICAL FUNDS & GROUPS
AMH PRINT GROUP,PRINTING
AMM POLITICAL STRATEGIES,CAMPAIGN CONSULTING
AMPLIFY MEDIA,MEDIA & ADS
AMPLIFY.AI,SOFTWARE & TECHNOLOGY
AMS COMMUNICATIONS,DIRECT MAIL
AMTRAK,TRAVEL & LODGING
ANEDOT,CREDIT CARD PROCESSING FEES
ANGERHOLZER BROZ CONSULTING,FUNDRAISING & FUNDRAISING CONSULTING
ANGLE MASTAGNI MATTHEWS POLITICAL STRATEGIES,CAMPAIGN CONSULTING
ANNE LEWIS STRATEGIES,DIGITAL & SOCIAL MEDIA CONSULTING
ANTHEM BLUE CROSS,INSURANCE
ANTHEM MEDIA,MEDIA & ADS
ANZALONE LISZT GROVE RESEARCH,POLLING & RESEARCH
AON RISK SERVICES NORTHEAST,INSURANCE
APARTMENT LUXE REALTY GROUP,OFFICE EXPENSES
APOLLO JETS,EVENT EXPENSES
APPLE,SOFTWARE & TECHNOLOGY
ARCUS GROUP,EVENT EXPENSES
ARDLEIGH GROUP,CANVASSING & FIELD WORK
ARENA,DIGITAL ADVERTISING
ARISTEIA GROUP,FUNDRAISING & FUNDRAISING CONSULTING
ARISTOTLE,CREDIT CARD PROCESSING FEES
ARSENAL MEDIA GROUP,MEDIA & ADS
ARTHUR J GALLAGHER,INSURANCE
ARTISAN 2,PRINTING
ASCENSUS TRUST,COMPLIANCE SERVICES
ASCENT MEDIA,MEDIA & ADS
ASHLEY EVENTS,EVENT EXPENSES
ASHTON MEDIA,MEDIA & ADS
ASP MEDIA,MEDIA & ADS
ASSEMBLE THE AGENCY,DIGITAL & SOCIAL MEDIA CONSULTING
ASSEMBLY,MEDIA & ADS
AT EASE ADVISORS,CAMPAIGN CONSULTING
AT SCALE,DIRECT MAIL
ATA INTERNET MARKETING DIVISION,"PR, COMMUNICATIONS, & MARKETING"
ATLAS STRATEGY GROUP,FUNDRAISING & FUNDRAISING CONSULTING
AT&T,UTILITIES
AUDIO VISUAL ADVISORS,MEDIA & ADS
AUTHENTIC CAMPAIGNS,COMPLIANCE SERVICES
AUTHORIZENET,CREDIT CARD PROCESSING FEES
AVALARA,COMPLIANCE SERVICES
AVIS,TRAVEL & LODGING
AX MEDIA,MEDIA & ADS
AXIOM STRATEGIES,CAMPAIGN CONSULTING
AXIOM WORLDWIDE LOGISTIX,EVENT EXPENSES
AXIS RESEARCH,POLLING & RESEARCH
BAKER HOSTETLER,LEGAL SERVICES
BALLOT ACCESS,CAMPAIGN CONSULTING
BANGOR PAYROLL SERVICES,SALARY & PAYROLL PROCESSING FEES
BANK OF AMERICA,CREDIT CARD PAYMENT & BANK FEES
BANKCARD CENTER,CREDIT CARD PROCESSING FEES
BARBARIAN GROUP,DIGITAL & SOCIAL MEDIA CONSULTING
BASECAMP STRATEGY,DIGITAL & SOCIAL MEDIA CONSULTING
BASSWOOD RESEARCH,POLLING & RESEARCH
BATTLEAXE DIGITAL STRATEGIES,DIGITAL ADVERTISING
BAUGHMANMERRILL,DIGITAL & SOCIAL MEDIA CONSULTING
BB&T BANK,CREDIT CARD PAYMENT & BANK FEES
BLUE CROSS BLUE SHIELD OF VERMONT (BCBSVT),INSURANCE
BEACON MEDIA,MEDIA & ADS
BEACON RESEARCH,POLLING & RESEARCH
BELARDI WONG,DIRECT MAIL
BELIEVE MEDIA,MEDIA & ADS
BENCHMARK STRATEGIES,FUNDRAISING & FUNDRAISING CONSULTING
BENENSON STRATEGY GROUP,CAMPAIGN CONSULTING
BERGER HIRSCHBERG STRATEGIES,FUNDRAISING & FUNDRAISING CONSULTING
BERGMANN ZWERDLING DIRECT,DIRECT MAIL
BERLIN ROSEN,CAMPAIGN CONSULTING
BEST BUY,OFFICE EXPENSES
BETH FOSTER CONSULTANTS,CAMPAIGN CONSULTING
BF DIRECT,DIRECT MAIL
BG CAUSES,DIGITAL & SOCIAL MEDIA CONSULTING
BH PHOTO,MEDIA & ADS
BIG DOG STRATEGIES,CAMPAIGN CONSULTING
BIGEYE DIRECT,DIRECT MAIL
BILLINGS GAZETTE,GENERAL OPERATIONS & SUPPLIES
BISTRO BIS,MEALS & CATERING
BLACK PINE FILMS,MEDIA & ADS
BLACK ROCK GROUP,CAMPAIGN CONSULTING
BLACK TIE PROTECTION SERVICES,GENERAL OPERATIONS & SUPPLIES
BLEACHERS ON DEMAND,EVENT EXPENSES
BLOOMBERG LP,SOFTWARE & TECHNOLOGY
BLUE ACTION,POLITICAL FUNDS & GROUPS
BLUE BIRD CONSULTING,COMPLIANCE SERVICES
BLUE CROSS,INSURANCE
BLUE DEAL,PRINTING
BLUE LABS ANALYTICS,DATA & DATABASE SERVICES
BLUE STATE,SOFTWARE & TECHNOLOGY
BLUE WAVE POLITICAL PARTNERS,CAMPAIGN CONSULTING
BLUE WEST MEDIA,MEDIA & ADS
BLUEBONNET FUNDRAISING,FUNDRAISING & FUNDRAISING CONSULTING
BLUEPRINT INTERACTIVE,DIGITAL ADVERTISING
BLUEPRINT STRATEGY,FUNDRAISING & FUNDRAISING CONSULTING
BNY PRODUCTION,MEDIA & ADS
BOGART ASSOCIATES,FUNDRAISING & FUNDRAISING CONSULTING
BOLD COLORS GROUP,ACCOUNTING & FINANCIAL MANAGEMENT
BONNER GROUP,FUNDRAISING & FUNDRAISING CONSULTING
BOOKSAMILLION,GENERAL OPERATIONS & SUPPLIES
BOWELS RICE,LEGAL SERVICES
BRABENDER COX,"PR, COMMUNICATIONS, & MARKETING"
BRADDOCK ROAD STRATEGIES,MEDIA & ADS
BRADLEY PATRICK GROUP,FUNDRAISING & FUNDRAISING CONSULTING
BRAINTREE,CREDIT CARD PROCESSING FEES
BRANFORD COMMUNICATIONS,"PR, COMMUNICATIONS, & MARKETING"
BREAK SOMETHING,DIGITAL & SOCIAL MEDIA CONSULTING
BREAKER PRESS CO,PRINTING
BREAKTHROUGH CAMPAIGNS,POLLING & RESEARCH
BREX,CREDIT CARD PAYMENT & BANK FEES
BRIGHT COMPASS,"PR, COMMUNICATIONS, & MARKETING"
BRILLIANT CORNERS RESEARCH STRATEGIES,POLLING & RESEARCH
BROADPOINT,SOFTWARE & TECHNOLOGY
BROGHAMER CONSULTING,COMPLIANCE SERVICES
BRUSHFIRE,EVENT EXPENSES
BUDGET,TRAVEL & LODGING
BULLHORN COMMUNICATIONS,MEDIA & ADS
BULLSEYE MARKETING,DIRECT MAIL
BULLY PULPIT INTERACTIVE,DIGITAL ADVERTISING
BUMPERACTIVE,PRINTING
BURDICK CONSULTING GROUP,FUNDRAISING & FUNDRAISING CONSULTING
BURRELL COMMUNICATIONS GROUP,"PR, COMMUNICATIONS, & MARKETING"
BUYING TIME MEDIA,MEDIA & ADS
BW MEDIA,MEDIA & ADS
C FORBES,FUNDRAISING & FUNDRAISING CONSULTING
C3 PUBLIC STRATEGIES,CAMPAIGN CONSULTING
CALI FAME,GENERAL OPERATIONS & SUPPLIES
CALIFORNIA ASSOCIATION OF REALTORS,GENERAL OPERATIONS & SUPPLIES
CAMELBACK STRATEGY GROUP,CAMPAIGN CONSULTING
CAMPAIGN COMMUNICATION SOLUTIONS,DIGITAL & SOCIAL MEDIA CONSULTING
CAMPAIGN COMPLIANCE GROUP,COMPLIANCE SERVICES
CAMPAIGN CONSULTING GROUP,CAMPAIGN CONSULTING
CAMPAIGN FINANCE CONSULTANTS,FUNDRAISING & FUNDRAISING CONSULTING
CAMPAIGN FINANCE SOLUTIONS,ACCOUNTING & FINANCIAL MANAGEMENT
CAMPAIGN FINANCIAL SERVICES,ACCOUNTING & FINANCIAL MANAGEMENT
CAMPAIGN FUNDING DIRECT,DIRECT MAIL
CAMPAIGN GENERAL,DIRECT MAIL
CAMPAIGN INBOX,CREDIT CARD PROCESSING FEES
CAMPAIGN INDUSTRIES,CANVASSING & FIELD WORK
CAMPAIGN RESOURCE GROUP,FUNDRAISING & FUNDRAISING CONSULTING
CAMPAIGN SIDEKICK,CAMPAIGN CONSULTING
CAMPAIGN SOLUTIONS,DIGITAL & SOCIAL MEDIA CONSULTING
CAMPAIGNHQ,FUNDRAISING & FUNDRAISING CONSULTING
CANAL PARTNERS MEDIA,MEDIA & ADS
CANVASS AMERICA,CANVASSING & FIELD WORK
CAPELIANIS CONSULTING,FUNDRAISING & FUNDRAISING CONSULTING
CAPITAL CORNERED,FUNDRAISING & FUNDRAISING CONSULTING
CAPITAL GRILLE,MEALS & CATERING
CAPITAL ONE,CREDIT CARD PAYMENT & BANK FEES
CAPITAL SOLUTIONS AMERICAN UNIONS EMBROIDERY SCREENPRINTING,PRINTING
CAPITAL STRATEGIES,FUNDRAISING & FUNDRAISING CONSULTING
CAPITOL CAGING,ACCOUNTING & FINANCIAL MANAGEMENT
CAPITOL COMPLIANCE ASSOCIATES,COMPLIANCE SERVICES
CAPITOL HILL CLUB,MEALS & CATERING
CAPITOL HILL LISTS,TRAVEL & LODGING
CAPLIN DRYSDALE,LEGAL SERVICES
CARDMEMBER SERVICE/CARD SERVICE CENTER,CREDIT CARD PAYMENT & BANK FEES
CAREFIRST BLUECROSS BLUESHIELD,INSURANCE
CASTLE POINT TECHNOLOGY,SOFTWARE & TECHNOLOGY
CATALIST,DATA & DATABASE SERVICES
CATECOMM,MEDIA & ADS
CAVALIER COMMUNICATIONS,UTILITIES
CAVALRY,CAMPAIGN CONSULTING
CBRE,ACCOUNTING & FINANCIAL MANAGEMENT
CDW DIRECT,SOFTWARE & TECHNOLOGY
CEASG CONSULTING,FUNDRAISING & FUNDRAISING CONSULTING
CENSEO CONSULTING,FUNDRAISING & FUNDRAISING CONSULTING
CENTRAL VALLEY BUSINESS FORMS,PRINTING
CFO COMPLIANCE,COMPLIANCE SERVICES
CHADDERDON LESTINGI CREATIVE STRATEGIES,DIRECT MAIL
CHAIN BRIDGE BANK,CREDIT CARD PAYMENT & BANK FEES
CHANGE MEDIA GROUP,MEDIA & ADS
CHANGE RESEARCH,POLLING & RESEARCH
CHAPIN RESIDENTIAL COMMERCIAL,OFFICE EXPENSES
CHAPMAN CUBINE AND HUSSEY,"PR, COMMUNICATIONS, & MARKETING"
CHASE,CREDIT CARD PAYMENT & BANK FEES
CHECKERED FLAG INTEGRATIONS,MEDIA & ADS
CHECKMATE STRATEGIES,CAMPAIGN CONSULTING
CHECKWRITERS PAYROLL,SALARY & PAYROLL PROCESSING FEES
CHONG+KOSTER,"PR, COMMUNICATIONS, & MARKETING"
CHRACA FRIEDMAN GROUP,FUNDRAISING & FUNDRAISING CONSULTING
CHRISTIAN EDWARDS PRINTING,PRINTING
CHS MAILING,DIRECT MAIL
CHUNG & ASSOCIATES LLC,SHIPPING & POSTAGE
CIGNA HEALTHCARE,INSURANCE
CISION US,SOFTWARE & TECHNOLOGY
CITIBANK/CITICARD,CREDIT CARD PAYMENT & BANK FEES
CIVIS ANALYTICS,SOFTWARE & TECHNOLOGY
CIVITECH,DATA & DATABASE SERVICES
CIVIX STRATEGY GROUP,COMPLIANCE SERVICES
CKMP DIGITAL,SOFTWARE & TECHNOLOGY
CLARIFY AGENCY,LEGAL SERVICES
CLARITY CAMPAIGN LABS,CAMPAIGN CONSULTING
CLARKE & SAMPSON,INSURANCE
CLEAN SWEEP CAMPAIGNS,DIRECT MAIL
CLEAR CREEK STRATEGIES,CAMPAIGN CONSULTING
CLEARWING PRODUCTIONS,EVENT EXPENSES
CLOCKWORK SYSTEMS,DIRECT MAIL
CLOUD DATA SERVICES,DATA & DATABASE SERVICES
CM&CO,ACCOUNTING & FINANCIAL MANAGEMENT
CMDI,DATA & DATABASE SERVICES
COLDSPARK MEDIA,MEDIA & ADS
COLEMAN JET,TRAVEL & LODGING
COMCAST,UTILITIES
COMMON CENTS CONSULTING,COMPLIANCE SERVICES
COMMUNICATIONS CORPORATION OF AMERICA,UTILITIES
COMMUNICATIONS COUNSEL,UTILITIES
COMMUNITY CARES UNITED,COMPLIANCE SERVICES
COMMUNITY CHANGE ACTION,LEGAL SERVICES
COMMUNITY EVENTS,MEDIA & ADS
COMMUNITY LABOR ADMINISTRATIVE SERVICES,ACCOUNTING & FINANCIAL MANAGEMENT
COMMUNITY OUTREACH GROUP,CANVASSING & FIELD WORK
COMPLETE PAYROLL SOLUTIONS (FEES),SALARY & PAYROLL PROCESSING FEES
COMPLETE PAYROLL SOLUTIONS (PAYROLL TAX),PAYROLL TAX
COMPLETE PAYROLL SOLUTIONS (PAYROLL),SALARY & PAYROLL
COMPLIANCE CONSULTANTS,COMPLIANCE SERVICES
CONCENTRIC ADVISORS,LEGAL SERVICES
CONCEPT MARKETING  BRANDING,"PR, COMMUNICATIONS, & MARKETING"
CONCORDIA STUDIOS,MEDIA & ADS
CONCUR TECHNOLOGIES,SOFTWARE & TECHNOLOGY
CONNECT STRATEGIC COMMUNICATIONS,UTILITIES
CONNELL DONATELLI,DIGITAL ADVERTISING
CONNOLLY PRINTING,PRINTING
CONRAD DIRECT,DIRECT MAIL
CONSERVATIVE CONNECTOR,WEBSITE SERVICES
CONSOLIDATED MAILING SERVICES,DIRECT MAIL
CONSOVOY MCCARTHY PLLC,LEGAL SERVICES
CONVERGENCE CONSULTING GROUP,ACCOUNTING & FINANCIAL MANAGEMENT
CONVERGENCE MEDIA,MEDIA & ADS
CONVERGENCE TARGETED COMMUNICATIONS,UTILITIES
CONVERGING MEDIA,MEDIA & ADS
CONVERT DIGITAL,WEBSITE SERVICES
CORNERSTONE STRATEGIC SERVICES,FUNDRAISING & FUNDRAISING CONSULTING
CORPORATE COMMUNICATIONS GROUP,UTILITIES
COUNTERPOINT MESSAGING,MEDIA & ADS
COVINGTON BURLING,LEGAL SERVICES
CP DIRECT,DIRECT MAIL
CQ ROLL CALL,GENERAL OPERATIONS & SUPPLIES
CREATIVE DIRECT,DIRECT MAIL
CREATIVE PRINT GROUP,PRINTING
CREATIVE SOUND AND LIGHTING,EVENT EXPENSES
CROSBY OTTENHOFF GROUP,COMPLIANCE SERVICES
CROSSROADS MEDIA,MEDIA & ADS
CULINARY WORKERS UNION LOCAL 226,POLITICAL FUNDS & GROUPS
CUSHMAN & WAKEFIELD,OFFICE EXPENSES
CUSTOMIZED NEWSPAPER ADVERTISING,MEDIA & ADS
CVS PHARMACY,OFFICE EXPENSES
CYGNAL,POLLING & RESEARCH
D&D UNLIMITED,LEGAL SERVICES
D13 STRATEGIES,COMPLIANCE SERVICES
DAILY WIRE,MEDIA & ADS
DATA TARGETING,DATA & DATABASE SERVICES
DATAPIER,DATA & DATABASE SERVICES
DAVEY CONSULTING,FUNDRAISING & FUNDRAISING CONSULTING
DAVID BINDER RESEARCH,POLLING & RESEARCH
DAVIS SQUARE REAL ESTATE,OFFICE EXPENSES
DC HEALTH LINK,INSURANCE
DC TREASURER,TAXES
DCE PRODUCTIONS,MEDIA & ADS
DCM INC,"PR, COMMUNICATIONS, & MARKETING"
DEEP ROOT ANALYTICS,DATA & DATABASE SERVICES
DELIVER STRATEGIES,CAMPAIGN CONSULTING
DELOITTE,CAMPAIGN CONSULTING
DELTA AIRLINES,TRAVEL & LODGING
DEMOCRACY ADVANCEMENT FUND,CANVASSING & FIELD WORK
DEMOCRACY ENGINE,CREDIT CARD PROCESSING FEES
DEMOCRATIC CONGRESSIONAL CAMPAIGN COMMITTEE (DCCC),POLITICAL FUNDS & GROUPS
DEMOCRATIC NATIONAL COMMITTEE (DNC),POLITICAL FUNDS & GROUPS
DEMOCRATIC PROPERTIES,POLITICAL FUNDS & GROUPS
UNITED STATES DEPARTMENT OF THE TREASURY,TAXES
DERBY H WATKINS,LEGAL SERVICES
DESIGN CUISINE,MEALS & CATERING
DEVELOPWELL,"PR, COMMUNICATIONS, & MARKETING"
DEVINE MULVEY LONGABAUGH,MEDIA & ADS
DEWEY SQUARE GROUP,CREDIT CARD PROCESSING FEES
DIALPAD,SOFTWARE & TECHNOLOGY
DICKINSON WRIGHT PLLC,LEGAL SERVICES
DIGITAL CONSULTING GROUP,DIGITAL & SOCIAL MEDIA CONSULTING
DIRECT MAIL PROCESSORS,DIRECT MAIL
DIRECT MAIL SOLUTIONS,DIRECT MAIL
DIRECT MAIL SYSTEMS,DIRECT MAIL
DIRECT PERSUASION,COMPLIANCE SERVICES
DIRECT RESPONSE STRATEGIES,DIRECT MAIL
DIRECT SUPPORT SERVICES,DIRECT MAIL
DIRECT SUPPORT SYSTEMS,SOFTWARE & TECHNOLOGY
DISCOUNT MAILING SERVICE,SHIPPING & POSTAGE
DISCOVERY SERVICES,GENERAL OPERATIONS & SUPPLIES
DISTRICT CITY CONSULTING,FUNDRAISING & FUNDRAISING CONSULTING
DIXON DAVIS MEDIA GROUP,MEDIA & ADS
DMM MEDIA,MEDIA & ADS
DO BIG THINGS,MEDIA & ADS
DOLE ASSOCIATES LP,OFFICE EXPENSES
DOMINION PAYROLL,SALARY & PAYROLL PROCESSING FEES
DONOHOE PARTNERS,OFFICE EXPENSES
DONOR BUREAU,DATA & DATABASE SERVICES
DONOR SERVICES GROUP,FUNDRAISING & FUNDRAISING CONSULTING
DREAMBASE/CALLTIME,CREDIT CARD PROCESSING FEES
DRIVE DIGITAL AGENCY,MEDIA & ADS
DRIVER EIGHT MEDIA,MEDIA & ADS
DROGIN GROUP,"PR, COMMUNICATIONS, & MARKETING"
DRUCKER LAWHON,FUNDRAISING & FUNDRAISING CONSULTING
DSCC OPERATING,TRAVEL & LODGING
DSPOLITICAL,CAMPAIGN CONSULTING
DT CLIENT SERVICES,CAMPAIGN CONSULTING
DUNTON CONSULTING,CAMPAIGN CONSULTING
E STREET GROUP,CAMPAIGN CONSULTING
EC CONSULTING,FUNDRAISING & FUNDRAISING CONSULTING
ECG DATA CENTER,DATA & DATABASE SERVICES
ECKERT & ASSOCIATES,FUNDRAISING & FUNDRAISING CONSULTING
EDONATION,CREDIT CARD PROCESSING FEES
EGENCIA,TRAVEL & LODGING
EICHENBAUM SKINNER STRATEGIES,MEDIA & ADS
EL TORO,MEDIA & ADS
ELAVON,CREDIT CARD PROCESSING FEES
ELECTION CFO,COMPLIANCE SERVICES
ELECTIONS LLC,CAMPAIGN CONSULTING
ELECTIONS IN MOTION,CAMPAIGN CONSULTING
ELEVATION CONSULTING,FUNDRAISING & FUNDRAISING CONSULTING
ELITE GRAPHICS,PRINTING
ELLIS CROW SOLUTIONS,COMPLIANCE SERVICES
EMC RESEARCH,POLLING & RESEARCH
EMILYS LIST,POLITICAL FUNDS & GROUPS
ENCOMPASS ELEMENTS,SHIPPING & POSTAGE
ENFRANCHISEMENT PRODUCTIONS,MEDIA & ADS
ENGAGE,ACCOUNTING & FINANCIAL MANAGEMENT
ENTERPRISE,TRAVEL & LODGING
ENVIRONMENTAL DEFENSE ACTION FUND,POLITICAL FUNDS & GROUPS
ENVISION MARKETING,"PR, COMMUNICATIONS, & MARKETING"
ETHICA MEDIA,MEDIA & ADS
ETHOS ADVISORS,LEGAL SERVICES
ETS RISK MANAGEMENT,COMPLIANCE SERVICES
EVANS KATZ,COMPLIANCE SERVICES
EVENT RESOURCE GROUP,LEGAL SERVICES
EVENT STRATEGIES,LEGAL SERVICES
EVENTS UNITED,EVENT EXPENSES
EVERYACTION,SOFTWARE & TECHNOLOGY
EVERYTOWN FOR GUN SAFETY ACTION FUND,POLITICAL FUNDS & GROUPS
EVOLVING STRATEGIES,FUNDRAISING & FUNDRAISING CONSULTING
EXPEDIA,TRAVEL & LODGING
EXPEDITION STRATEGIES,POLLING & RESEARCH
EXTREME REACH,SOFTWARE & TECHNOLOGY
FABRIZIO LEE & ASSOCIATES,POLLING & RESEARCH
FACEBOOK,DIGITAL ADVERTISING
FAIRBANK MASLIN MAULLIN METZ & ASSOCIATES,POLLING & RESEARCH
FALCON WEST INSURANCE BROKERS,INSURANCE
FBR CAPITAL MARKETS & CO,ACCOUNTING & FINANCIAL MANAGEMENT
FEDERAL EXPRESS (FEDEX),SHIPPING & POSTAGE
FIDELITY,TAXES
FIELDWORKS,CANVASSING & FIELD WORK
FII MARKETING,"PR, COMMUNICATIONS, & MARKETING"
FINANCE STRATEGIES GROUP,FUNDRAISING & FUNDRAISING CONSULTING
FINANCIAL INNOVATIONS,ACCOUNTING & FINANCIAL MANAGEMENT
FINN PARTNERS,MEDIA & ADS
FIORELLO CONSULTING,FUNDRAISING & FUNDRAISING CONSULTING
FIRESIDE CAMPAIGNS,FUNDRAISING & FUNDRAISING CONSULTING
FIRST BANK,CREDIT CARD PAYMENT & BANK FEES
FIRST DATA,CREDIT CARD PROCESSING FEES
FIRST STEP PRINT SHOP,PRINTING
FIRST VIRGINIA COMMUNITY BANK,CREDIT CARD PAYMENT & BANK FEES
FLANAGAN FULKERSON & COMPANY,FUNDRAISING & FUNDRAISING CONSULTING
FLEXPOINT MEDIA,MEDIA & ADS
FLS CONNECT,FUNDRAISING & FUNDRAISING CONSULTING
FLUENT,"PR, COMMUNICATIONS, & MARKETING"
FLYTEDESK,DIGITAL ADVERTISING
FOGLAMP CONTENT STUDIO,DIGITAL ADVERTISING
FOR OUR FUTURE ACTION FUND,POLITICAL FUNDS & GROUPS
FOREMOST SOLUTIONS GROUP,DIRECT MAIL
FORTHRIGHT STRATEGY,DIRECT MAIL
FORTIFIED CONSULTING,DIGITAL & SOCIAL MEDIA CONSULTING
FORWARD STRATEGIES,FUNDRAISING & FUNDRAISING CONSULTING
FOSTER GARVEY PC,LEGAL SERVICES
FOUR SEASONS HOTEL,TRAVEL & LODGING
FP1 DIGITAL STRATEGIES,MEDIA & ADS
FREEMAN NEW ORLEANS,MEDIA & ADS
FREESTONE COMMUNICATIONS,UTILITIES
FRONT LINE STRATEGIES,FUNDRAISING & FUNDRAISING CONSULTING
FRONT RUNNER PRODUCTIONS,MEDIA & ADS
FROST GROUP,FUNDRAISING & FUNDRAISING CONSULTING
FULFILLMENT HOUSE,SHIPPING & POSTAGE
FULFILLMENT SOLUTIONS,SHIPPING & POSTAGE
FULKERSON KENNEDY & COMPANY,FUNDRAISING & FUNDRAISING CONSULTING
FULL HOUSE EVENTS,EVENT EXPENSES
FULL REACH MEDIA GROUP,MEDIA & ADS
FUNDING SOLUTIONS,FUNDRAISING & FUNDRAISING CONSULTING
FUSE,MEDIA & ADS
FUTURE NOW FUND,POLITICAL FUNDS & GROUPS
GARNER AND RR DONNELLY AND SONS CO,PRINTING
GATEWAY MEDIA,MEDIA & ADS
GBAO STRATEGIES,POLLING & RESEARCH
GBI STRATEGIES,POLLING & RESEARCH
GELLER ADVISORS & COMPANY,LEGAL SERVICES
GEORGETOWN POST,MEDIA & ADS
PERRY GERSHON,LEGAL SERVICES
GETTHRU,ACCOUNTING & FINANCIAL MANAGEMENT
GETTY IMAGES,GENERAL OPERATIONS & SUPPLIES
GILBERT & WOLFAND PC,ACCOUNTING & FINANCIAL MANAGEMENT
GILLIARD BLANNING & ASSOCIATES,CAMPAIGN CONSULTING
MICHAEL GLASSNER,SALARY & PAYROLL
GLOBAL MARKETING RESEARCH SERVICES,POLLING & RESEARCH
GLOBAL STRATEGY GROUP,POLLING & RESEARCH
GMMB,MEDIA & ADS
GO BIG MEDIA,MEDIA & ADS
GO RIGHT STRATEGIES,FUNDRAISING & FUNDRAISING CONSULTING
GODADDY,WEBSITE SERVICES
GOODBY SILVERSTEIN & PARTNERS,MEDIA & ADS
GOOGLE,DIGITAL ADVERTISING
GOP DATA TRUST,DATA & DATABASE SERVICES
GORDON & SCHWENKMEYER,FUNDRAISING & FUNDRAISING CONSULTING
GOTHAM ACME,CAMPAIGN CONSULTING
GRAND RIVER STRATEGIES,CAMPAIGN CONSULTING
GRAND VALLEY CONSULTING,FUNDRAISING & FUNDRAISING CONSULTING
GRASSROOTS ANALYTICS,FUNDRAISING & FUNDRAISING CONSULTING
GRASSROOTS LAB,CREDIT CARD PROCESSING FEES
GRASSROOTS MEDIA,MEDIA & ADS
GRASSROOTS TARGETING,CREDIT CARD PROCESSING FEES
GRASSROOTS VOTER OUTREACH,CREDIT CARD PROCESSING FEES
GRASSROOTSE.COM,"PR, COMMUNICATIONS, & MARKETING"
GREATWEST TRUST COMPANY,ACCOUNTING & FINANCIAL MANAGEMENT
GREENBERG QUINLAN ROSNER RESEARCH,POLLING & RESEARCH
GREENLIGHT MEDIA STRATEGIES,MEDIA & ADS
GREVEN GROUP,CAMPAIGN CONSULTING
GRIGSBY APPLEGATE,FUNDRAISING & FUNDRAISING CONSULTING
GRINDSTONE COMMUNICATIONS SOLUTIONS,CANVASSING & FIELD WORK
GRIT CREATIVE,LEGAL SERVICES
GROUNDSWELL PUBLIC STRATEGIES INC (GPS IMPACT),DIGITAL ADVERTISING
GROUP BENEFIT SERVICES,INSURANCE
GROUP CONSULTANTS,FUNDRAISING & FUNDRAISING CONSULTING
GROWING ECONOMIC OPPORTUNITIES,POLITICAL FUNDS & GROUPS
GRSG COMPANY,CAMPAIGN CONSULTING
GRUNWALD COMMUNICATIONS,MEDIA & ADS
GSI INC,DIRECT MAIL
GUARDIAN,INSURANCE
GUIDANT POLLING/RESEARCH AND STRATEGY,POLLING & RESEARCH
GULA GRAHAM GROUP,FUNDRAISING & FUNDRAISING CONSULTING
GUMBINNER & DAVIES COMMUNICATIONS,DIRECT MAIL
GUSTO (FEES),SALARY & PAYROLL PROCESSING FEES
GUSTO (PAYROLL TAX),PAYROLL TAX
GUSTO (PAYROLL),SALARY & PAYROLL
H2 CAPITAL CONSULTING,CREDIT CARD PAYMENT & BANK FEES
HACKNEY & HACKNEY,CAMPAIGN CONSULTING
HAMBURGER GIBSON CREATIVE,CAMPAIGN CONSULTING
HAMILTON CAMPAIGN NETWORK,CAMPAIGN CONSULTING
HAMMERSTONE,GENERAL OPERATIONS & SUPPLIES
LAURA HANEY,FUNDRAISING & FUNDRAISING CONSULTING
HARBINGER,EVENT EXPENSES
HARD KNOCKS STRATEGIES,CANVASSING & FIELD WORK
HARD ROCK HOTEL CASINO,TRAVEL & LODGING
HARDER LLP,CAMPAIGN CONSULTING
HARDPIN MEDIA,MEDIA & ADS
HARPER POLLING/RESEARCH,POLLING & RESEARCH
HARRIS MEDIA,MEDIA & ADS
HARRIS SIKES MEDIA,MEDIA & ADS
HART RESEARCH ASSOCIATES,POLLING & RESEARCH
HARTA COMMUNICATIONS,DIGITAL ADVERTISING
HARVARD PILGRIM,INSURANCE
HAWKFISH,DIGITAL ADVERTISING
HAYSTAQDNA,CAMPAIGN CONSULTING
HDS MARKETING,"PR, COMMUNICATIONS, & MARKETING"
HELEN MILBY & COMPANY,FUNDRAISING & FUNDRAISING CONSULTING
HELIX CAMPAIGNS,CAMPAIGN CONSULTING
HEMPHILL BROTHERS LEASING CO,TRAVEL & LODGING
HENRY PIERRE INC DBA GROUND BRANCH,MEDIA & ADS
HENRYALAN,COMPLIANCE SERVICES
HICKMAN ANALYTICS,CAMPAIGN CONSULTING
HIGH BRIDGE CONSULTING,FUNDRAISING & FUNDRAISING CONSULTING
HIGH COTTON CONSULTING,FUNDRAISING & FUNDRAISING CONSULTING
HIGH OUTPUT,LEGAL SERVICES
HIGHWOOD CAPITAL,FUNDRAISING & FUNDRAISING CONSULTING
HILTON HOTELS,TRAVEL & LODGING
HM CONSULTING,FUNDRAISING & FUNDRAISING CONSULTING
HOLLAND & KNIGHT,LEGAL SERVICES
HOLLOWAY CONSULTING,FUNDRAISING & FUNDRAISING CONSULTING
HOLTZMAN VOGEL JOSEFIAK TORCHINSKY PLLC,LEGAL SERVICES
HONAN STRATEGY GROUP,POLLING & RESEARCH
HONOLD COMMUNICATIONS,"PR, COMMUNICATIONS, & MARKETING"
HOOKS SOLUTIONS,FUNDRAISING & FUNDRAISING CONSULTING
HORGAN ASSOCIATES,CAMPAIGN CONSULTING
HORIZON MEDIA,MEDIA & ADS
HOTELS.COM,TRAVEL & LODGING
HOWLER INSIGHTS,COMPLIANCE SERVICES
HSP DIRECT,DIRECT MAIL
HUCKABY DAVIS LISKER,COMPLIANCE SERVICES
HULU,DIGITAL ADVERTISING
HUSTLE,SOFTWARE & TECHNOLOGY
I360,GENERAL OPERATIONS & SUPPLIES
ICS CORPORATION,CREDIT CARD PROCESSING FEES
IGICOM LLC,CAMPAIGN CONSULTING
IHEART MEDIA,MEDIA & ADS
IMAGE DIRECT,DIRECT MAIL
IMGE LLC,"PR, COMMUNICATIONS, & MARKETING"
IMPACT POLITICS,"PR, COMMUNICATIONS, & MARKETING"
IN FIELD STRATEGIES,FUNDRAISING & FUNDRAISING CONSULTING
INCITE STUDIO,CAMPAIGN CONSULTING
INCUBATION LAB,CAMPAIGN CONSULTING
INFINITI HR,COMPLIANCE SERVICES
INFOCISION MANAGEMENT,"PR, COMMUNICATIONS, & MARKETING"
INFOGROUP,DIRECT MAIL
INNOVATIVE MARKETING TECHNIQUES,"PR, COMMUNICATIONS, & MARKETING"
INPRODUCTION,EVENT EXPENSES
INSIGHT DIRECT USA,SOFTWARE & TECHNOLOGY
INSPERITY,SALARY & PAYROLL PROCESSING FEES
INTEGRAL RESOURCES,FUNDRAISING & FUNDRAISING CONSULTING
INTEGRAM,SHIPPING & POSTAGE
INTEGRATED CAMPAIGN SOLUTIONS,FUNDRAISING & FUNDRAISING CONSULTING
INTERCONTINENTAL HOTEL GROUP,TRAVEL & LODGING
INTERNAL REVENUE SERVICE (IRS) (PAYROLL TAX),PAYROLL TAX
INTERNAL REVENUE SERVICE (IRS) (TAXES),TAXES
INTUIT,SOFTWARE & TECHNOLOGY
IOWA DEMOCRATIC PARTY,POLITICAL FUNDS & GROUPS
ITERABLE,LEGAL SERVICES
J RUSSELL & ASSOC - WAR ROOM STRATEGIES,CAMPAIGN CONSULTING
JOHN JACKSON,SALARY & PAYROLL
JACOBSON & ZILBER STRATEGIES,CAMPAIGN CONSULTING
JAMESTOWN ASSOCIATES,"PR, COMMUNICATIONS, & MARKETING"
JBW CONSULTING,FUNDRAISING & FUNDRAISING CONSULTING
JDB MARKETING,"PR, COMMUNICATIONS, & MARKETING"
JENNER & BLOCK,LEGAL SERVICES
JET MAIL SERVICES,DIRECT MAIL
JETBLUE AIRWAYS,TRAVEL & LODGING
JEWISH DEMOCRATIC COUNCIL OF AMERICA,POLITICAL FUNDS & GROUPS
NORMINGTON PETTS & ASSOCIATES,POLLING & RESEARCH
JOE TRIPPI & ASSOCIATES,MEDIA & ADS
JOHNSON CONTROLS,OFFICE EXPENSES
JONES DAY,CAMPAIGN CONSULTING
JONES MANDEL,CAMPAIGN CONSULTING
JP WEST,INSURANCE
JPM AND M,DIRECT MAIL
JR MEDIA,MEDIA & ADS
JUSTWORKS,SALARY & PAYROLL PROCESSING FEES
JVA CAMPAIGNS,CAMPAIGN CONSULTING
KAEGI RESOURCES,FUNDRAISING & FUNDRAISING CONSULTING
KAESER & BLAIR,GENERAL OPERATIONS & SUPPLIES
KALIK & ASSOCIATES,FUNDRAISING & FUNDRAISING CONSULTING
KASOWITZ BENSON TORRES,CAMPAIGN CONSULTING
KATZ WATSON GROUP,CAMPAIGN CONSULTING
KAUFMAN LEGAL GROUP,LEGAL SERVICES
KC STRATEGIES,CAMPAIGN CONSULTING
KELLY & ASSOCIATES INSURANCE GROUP,INSURANCE
KENNEDY COMMUNICATIONS,DIRECT MAIL
KENTUCKY PRESS SERVICE,MEDIA & ADS
KESSLER CREATIVE,DIRECT MAIL
KEY ASSOCIATES,"PR, COMMUNICATIONS, & MARKETING"
KEY ACQUISITION PARTNERS,"PR, COMMUNICATIONS, & MARKETING"
KEY INTEGRATED SOLUTIONS,DIGITAL & SOCIAL MEDIA CONSULTING
KG CONSULTING,FUNDRAISING & FUNDRAISING CONSULTING
KIELOCH CONSULTING,CAMPAIGN CONSULTING
KINGSTON PUBLIC AFFAIRS,COMPLIANCE SERVICES
KIRSHNER EVENTS,EVENT EXPENSES
KIRSTIN HOPKINS,FUNDRAISING & FUNDRAISING CONSULTING
KNOTEL,OFFICE EXPENSES
KOCH & HOOS,ACCOUNTING & FINANCIAL MANAGEMENT
KOS MEDIA,MEDIA & ADS
KRAMER ASSOCIATES,FUNDRAISING & FUNDRAISING CONSULTING
KULLY STRUBLE,MEDIA & ADS
L2,"PR, COMMUNICATIONS, & MARKETING"
LAKE RESEARCH PARTNERS,POLLING & RESEARCH
LAKESIDE COMMUNICATIONS,MEDIA & ADS
LANDMARK LIMO,TRAVEL & LODGING
LANDSLIDE POLITICAL,CAMPAIGN CONSULTING
LANDSLYDE MEDIA GROUP,MEDIA & ADS
LAROCCA HORNIK ROSEN & GREENBERG LLP,CAMPAIGN CONSULTING
LAROUCHE POLICY INSTITUTE,LEGAL SERVICES
LE MERIDIAN,TRAVEL & LODGING
LEFT ACTION,DIGITAL & SOCIAL MEDIA CONSULTING
LEFT HOOK,MEDIA & ADS
LEGACY LISTS,TRAVEL & LODGING
LEGENDARY CAMPAIGNS,DIGITAL ADVERTISING
LEGION AVS,EVENT EXPENSES
LES WILLIAMSON,COMPLIANCE SERVICES
LEVEL UP HCS,MEALS & CATERING
LEXIS NEXIS,GENERAL OPERATIONS & SUPPLIES
LGM CONSULTING GROUP,"PR, COMMUNICATIONS, & MARKETING"
LIGHT ACTION,LEGAL SERVICES
LILLY & COMPANY,FUNDRAISING & FUNDRAISING CONSULTING
LIMESTONE STRATEGIES,CAMPAIGN CONSULTING
LINCOLN STRATEGY GROUP,FUNDRAISING & FUNDRAISING CONSULTING
LINEMARK PRINTING,PRINTING
LIQUID CONSULTING,GENERAL OPERATIONS & SUPPLIES
LIQUID SOUL MEDIA,MEDIA & ADS
LISTWISE,TRAVEL & LODGING
LIVE X,DIGITAL & SOCIAL MEDIA CONSULTING
LMG LLC,LEGAL SERVICES
LOCKWOOD STRATEGY LABS,MEDIA & ADS
LOFSTROM CONSULTING,CAMPAIGN CONSULTING
LOS ANGELES APPAREL,GENERAL OPERATIONS & SUPPLIES
LOUD AND CLEAR,EVENT EXPENSES
LR PARIS,"PR, COMMUNICATIONS, & MARKETING"
LSQ FUNDING GROUP,LEGAL SERVICES
LUCY CROXTON CONSULTING,FUNDRAISING & FUNDRAISING CONSULTING
LVH CONSULTING,CAMPAIGN CONSULTING
LYFT,TRAVEL & LODGING
MACWILLIAMS SANDERS COMMUNICATIONS,"PR, COMMUNICATIONS, & MARKETING"
MADISON STREET PRESS,PRINTING
MAGGIE CLARK MEDIA SERVICES,MEDIA & ADS
MAGNUS PEARSON MEDIA,MEDIA & ADS
MAI ASSOCIATES,CAMPAIGN CONSULTING
MAI MARY,FUNDRAISING & FUNDRAISING CONSULTING
MAIANNE SAHL COMPANY,CAMPAIGN CONSULTING
MAIL AMERICA COMMUNICATIONS,DIRECT MAIL
MAILCHIMP,WEBSITE SERVICES
MAIN STREET COMMUNICATIONS,MEDIA & ADS
MAIN STREET MEDIA GROUP,MEDIA & ADS
MAINE TODAY MEDIA,MEDIA & ADS
MAJIC PRODUCTIONS,EVENT EXPENSES
MAJORITY STRATEGIES,FUNDRAISING & FUNDRAISING CONSULTING
MAL WARWICK & ASSOCIATES,DIRECT MAIL
MALLOY EVENTS,EVENT EXPENSES
MANDATE MEDIA,MEDIA & ADS
MAP POLITICAL COMMUNICATIONS,CAMPAIGN CONSULTING
MARATHON STRATEGIES,FUNDRAISING & FUNDRAISING CONSULTING
MARK GUMA COMMUNICATIONS,"PR, COMMUNICATIONS, & MARKETING"
MARK STRATEGIES,FUNDRAISING & FUNDRAISING CONSULTING
MARKET PROCESS GROUP,POLITICAL FUNDS & GROUPS
MARKHAM GROUP,LEGAL SERVICES
MARRIOTT HOTELS,TRAVEL & LODGING
MASTER PLAN PRODUCTIONS,CAMPAIGN CONSULTING
MATTERSQUARE,CREDIT CARD PROCESSING FEES
MAVERICK STRATEGIES AND MAIL,FUNDRAISING & FUNDRAISING CONSULTING
MAYBELL GROUP,FUNDRAISING & FUNDRAISING CONSULTING
MBA CONSULTING GROUP,COMPLIANCE SERVICES
MCCARTHY HENNINGS WHALEN INC,MEDIA & ADS
MCCLESKEY MEDIA STRATEGIES,MEDIA & ADS
MCD STRATEGIES,FUNDRAISING & FUNDRAISING CONSULTING
RONNA R MCDANIEL,REIMBURSEMENT
MCKEAN DEFENSE,OFFICE EXPENSES
MCKENNA MEDIA,MEDIA & ADS
MCLARTY CONSULTING,COMPLIANCE SERVICES
MCLAUGHLIN & ASSOCIATES,POLLING & RESEARCH
KEVIN MCLAUGHLIN,SALARY & PAYROLL
LINDA E MCMAHON,REIMBURSEMENT
MCSHANE,CAMPAIGN CONSULTING
MDI IMAGING,SHIPPING & POSTAGE
MDS COMMUNICATIONS,FUNDRAISING & FUNDRAISING CONSULTING
MDSL,"PR, COMMUNICATIONS, & MARKETING"
MEDIA AD VENTURES,MEDIA & ADS
MEDIA BRIDGE,MEDIA & ADS
MEDIA BUYING & ANALYTICS,MEDIA & ADS
MEDIA FORTITUDE PARTNERS,MEDIA & ADS
MEDIA PLACEMENT SERVICES,MEDIA & ADS
MEDIUM BUYING,MEDIA & ADS
MEETING STREET RESEARCH,POLLING & RESEARCH
MENTZER MEDIA,MEDIA & ADS
MERCURY JETS,TRAVEL & LODGING
MERIDIAN PACIFIC,MEDIA & ADS
MERKLE,DIRECT MAIL
MESSAGE MEDIA,MEDIA & ADS
METHOD CAMPAIGN SERVICES,CAMPAIGN CONSULTING
MIAMI AIR INTERNATIONAL,TRAVEL & LODGING
MICROSOFT,SOFTWARE & TECHNOLOGY
MIDDLE SEAT CONSULTING,DIGITAL & SOCIAL MEDIA CONSULTING
MIGHTYHIVE,DIGITAL ADVERTISING
MILL CREEK STRATEGIES,FUNDRAISING & FUNDRAISING CONSULTING
MILLENNIAL STRATEGIES,FUNDRAISING & FUNDRAISING CONSULTING
MILNER BUTCHER MEDIA GROUP,MEDIA & ADS
MINUTEMAN PRESS,PRINTING
MISSION CONTROL,PRINTING
MKZ STRATEGIES & EVENTS,FUNDRAISING & FUNDRAISING CONSULTING
MLT STRATEGIC FUNDRAISING,FUNDRAISING & FUNDRAISING CONSULTING
MLV STRATEGIES,FUNDRAISING & FUNDRAISING CONSULTING
MM PRODUCTIONS USA,EVENT EXPENSES
MO STRATEGIES,FUNDRAISING & FUNDRAISING CONSULTING
MOBILE TECHNOLOGY GRAPHICS,SOFTWARE & TECHNOLOGY
MOBILIZE AMERICA (MOBILIZE),SOFTWARE & TECHNOLOGY
MOBILIZE THE MESSAGE,WEBSITE SERVICES
MOBLYZE,DATA & DATABASE SERVICES
MOLLY ALLEN ASSOCIATES LLC,FUNDRAISING & FUNDRAISING CONSULTING
MOORE CAMPAIGNS,PRINTING
MOORE INFORMATION GROUP,POLLING & RESEARCH
MORGAN RYAN,REIMBURSEMENT
MOSAIC MEDIA STRATEGY GROUP,MEDIA & ADS
MOTHERSHIP STRATEGIES,FUNDRAISING & FUNDRAISING CONSULTING
MOVABLE,"PR, COMMUNICATIONS, & MARKETING"
MOVEON CIVIC ACTION,CREDIT CARD PROCESSING FEES
MOXIE MEDIA,MEDIA & ADS
MPI,EVENT EXPENSES
MR STRATEGIC SERVICES,COMPLIANCE SERVICES
MRB4USA,MEDIA & ADS
MS CAUSEWAY SOLUTIONS,GENERAL OPERATIONS & SUPPLIES
MSCR LLC,"PR, COMMUNICATIONS, & MARKETING"
MSL STRATEGIES,FUNDRAISING & FUNDRAISING CONSULTING
MULTI MEDIA SERVICES,MEDIA & ADS
MURPHY NASICA & ASSOCIATES,DIGITAL & SOCIAL MEDIA CONSULTING
MUSCO SPORTS LIGHTING,EVENT EXPENSES
MVAR MEDIA,MEDIA & ADS
NADA,SALARY & PAYROLL PROCESSING FEES
NAMES IN THE NEWS,GENERAL OPERATIONS & SUPPLIES
NATIONAL ASSOCIATION OF REALTORS,GENERAL OPERATIONS & SUPPLIES
NATIONAL CABLE COMMUNICATIONS,MEDIA & ADS
NATIONAL CAPITAL TELESERVICES,FUNDRAISING & FUNDRAISING CONSULTING
NATIONAL DEMOCRATIC CLUB,MEALS & CATERING
NATIONAL MEDIA DIGITAL,DIGITAL ADVERTISING
NATIONAL NEWSPAPER PUBLISHERS ASSOCIATION,GENERAL OPERATIONS & SUPPLIES
NATIONAL PARK SERVICE,GENERAL OPERATIONS & SUPPLIES
NATIONAL PUBLIC AFFAIRS,CAMPAIGN CONSULTING
NATIONAL REPUBLICAN CONGRESSIONAL COMMITTEE (NRCC),POLITICAL FUNDS & GROUPS
NATIONBUILDER,WEBSITE SERVICES
NEED TO IMPEACH,POLITICAL FUNDS & GROUPS
NEIGHBORHOOD RESEARCH AND MEDIA,MEDIA & ADS
NEMACOLIN WOODLANDS RESORT,TRAVEL & LODGING
NEUMANN AND COMPANY,PRINTING
NEW BLUE INTERACTIVE,DIGITAL ADVERTISING
NEW HAMPSHIRE DEMOCRATIC PARTY,POLITICAL FUNDS & GROUPS
NEW PARTNERS TELESERVICES,"PR, COMMUNICATIONS, & MARKETING"
NEW YORK STATE UNITED TEACHERS,POLITICAL FUNDS & GROUPS
NEWMAN PARTNERS,FUNDRAISING & FUNDRAISING CONSULTING
NEXT LEVEL PARTNERS,COMPLIANCE SERVICES
NEXTGEN CLIMATE ACTION,POLITICAL FUNDS & GROUPS
NEXUS DIRECT,DIRECT MAIL
NATIONAL FEDERATION OF INDEPENDENT BUSINESS (NFIB),POLITICAL FUNDS & GROUPS
NGP VAN,CREDIT CARD PROCESSING FEES
NICKOLAS MARK,SALARY & PAYROLL
NIGHTINGALE PROPERTIES,OFFICE EXPENSES
NK BAUR & ASSOCIATES,COMPLIANCE SERVICES
NM MARKETING,"PR, COMMUNICATIONS, & MARKETING"
NMB RESEARCH,POLLING & RESEARCH
NOISEWORKS MEDIA,MEDIA & ADS
NORFLEET STRATEGIES,CAMPAIGN CONSULTING
NORMINGTON PETTS & ASSOCIATES,POLLING & RESEARCH
NORTH CAROLINA DEMOCRATIC PARTY,POLITICAL FUNDS & GROUPS
NORTH SHORE PRINTERS,PRINTING
NORTHWEST DIGITAL,WEBSITE SERVICES
NORTHWIND STRATEGIES,TRAVEL & LODGING
NOVA LIST,"PR, COMMUNICATIONS, & MARKETING"
NUMERO,CREDIT CARD PROCESSING FEES
NUNGESSER CONSULTING,FUNDRAISING & FUNDRAISING CONSULTING
OASIS OUTSOURCING,"PR, COMMUNICATIONS, & MARKETING"
OBERLAND,MEDIA & ADS
OCCASIONS CATERERS,MEALS & CATERING
OFFICE DEPOT,OFFICE EXPENSES
OFFICE OF TAX AND REVENUE,TAXES
OFFICE RESOURCES,OFFICE EXPENSES
OHIO DEMOCRATIC PARTY,POLITICAL FUNDS & GROUPS
OHIO REPUBLICAN PARTY,POLITICAL FUNDS & GROUPS
OHIO RIVER SOUTH,CAMPAIGN CONSULTING
OLSON REMCHO,LEGAL SERVICES
OLYMPIC MEDIA,MEDIA & ADS
OMEGA LIST COMPANY,FUNDRAISING & FUNDRAISING CONSULTING
ON MESSAGE,DIGITAL & SOCIAL MEDIA CONSULTING
ONE NATION,LEGAL SERVICES
ONWARD TOGETHER,TRAVEL & LODGING
OORBEEK MEMMOTT GROUP,FUNDRAISING & FUNDRAISING CONSULTING
OPINION INSIGHT,POLLING & RESEARCH
OPN SESAME,DIGITAL ADVERTISING
OPTIMIZE CONSULTING,DIGITAL & SOCIAL MEDIA CONSULTING
OPTIMIZELY,SOFTWARE & TECHNOLOGY
OPTIN STRATEGIES,CAMPAIGN CONSULTING
OTG STRATEGIES,CAMPAIGN CONSULTING
OURSO BEYCHOK,MEDIA & ADS
OUTBRAIN,DIGITAL & SOCIAL MEDIA CONSULTING
OUTVOTE,GENERAL OPERATIONS & SUPPLIES
OXFORD COMMUNICATIONS,"PR, COMMUNICATIONS, & MARKETING"
P2P MESSAGING,DIGITAL ADVERTISING
PAC MANAGEMENT SERVICES,ACCOUNTING & FINANCIAL MANAGEMENT
PACIFIC CAMPAIGN HOUSE,MEDIA & ADS
PACIFIC MARKET RESEARCH,POLLING & RESEARCH
PACIFIC POLITICAL,CAMPAIGN CONSULTING
PACIFIC PRINTING,PRINTING
PACTION DATA,DATA & DATABASE SERVICES
PANDORA MEDIA,MEDIA & ADS
PARAGON PAYMENT SOLUTIONS,CREDIT CARD PROCESSING FEES
PARAMOUNT GROUP,LEGAL SERVICES
PARSCALE STRATEGY,DIGITAL & SOCIAL MEDIA CONSULTING
PATRIOT GROUP GLOBAL,COMPLIANCE SERVICES
PATRIOT MARKETING,"PR, COMMUNICATIONS, & MARKETING"
PATRONAGE,LEGAL SERVICES
PATTON DATA PROCESSING,DATA & DATABASE SERVICES
PAUL WEISS RIFKIND WHARTON & GARRISON LLP,CAMPAIGN CONSULTING
PAYCOM,SALARY & PAYROLL PROCESSING FEES
PAYCHEX (FEES),SALARY & PAYROLL PROCESSING FEES
PAYCHEX (PAYROLL TAX),PAYROLL TAX
PAYCHEX (PAYROLL),SALARY & PAYROLL
PAYLOCITY (FEES),SALARY & PAYROLL PROCESSING FEES
PAYLOCITY (PAYROLL TAX),PAYROLL TAX
PAYLOCITY (PAYROLL),SALARY & PAYROLL
PAYPAL,CREDIT CARD PROCESSING FEES
PAYROLL DATA PROCESSING (FEES),SALARY & PAYROLL PROCESSING FEES
PAYROLL DATA PROCESSING (PAYROLL TAX),PAYROLL TAX
PAYROLL DATA PROCESSING (PAYROLL),SALARY & PAYROLL
PAYROLL MANAGEMENT ASSISTANCE,SALARY & PAYROLL PROCESSING FEES
PAYROLL NETWORK (FEES),SALARY & PAYROLL PROCESSING FEES
PAYROLL NETWORK (PAYROLL TAX),PAYROLL TAX
PAYROLL NETWORK (PAYROLL),SALARY & PAYROLL
PC CONNECTION,SOFTWARE & TECHNOLOGY
PC PAYROLL,SALARY & PAYROLL PROCESSING FEES
PCMS LLC,ACCOUNTING & FINANCIAL MANAGEMENT
PDG STRATEGIES,CAMPAIGN CONSULTING
PDQ PRINTING OF LAS VEGAS,PRINTING
PDR RESOURCES,"PR, COMMUNICATIONS, & MARKETING"
PEARSON & ASSOCIATES,FUNDRAISING & FUNDRAISING CONSULTING
PEG PA ENTERTAINMENT GROUP,EVENT EXPENSES
PEM MANAGEMENT,CAMPAIGN CONSULTING
PEOPLE FOR GOVERNMENT PAC,POLITICAL FUNDS & GROUPS
PEOPLE WHO THINK,"PR, COMMUNICATIONS, & MARKETING"
PERKINS COIE,LEGAL SERVICES
PERSON 2 PERSON,FUNDRAISING & FUNDRAISING CONSULTING
PESCADOR PUBLIC STRATEGIES,CAMPAIGN CONSULTING
PFC CONSULTING,FUNDRAISING & FUNDRAISING CONSULTING
PG PLACEMENTS,MEDIA & ADS
PINNACLE DIRECT,DIRECT MAIL
PINNACLE LIST COMPANY,CAMPAIGN CONSULTING
PIVOTAL TARGETING,CAMPAIGN CONSULTING
PJC REALTY TRUST,OFFICE EXPENSES
PLANET DIRECT MAIL,DIRECT MAIL
PLANNED PARENTHOOD ACTION FUND,POLITICAL FUNDS & GROUPS
PLATFORM MARKETING,"PR, COMMUNICATIONS, & MARKETING"
PLUVIOUS GROUP,FUNDRAISING & FUNDRAISING CONSULTING
PNC BANK,CREDIT CARD PAYMENT & BANK FEES
POINT1,DIGITAL & SOCIAL MEDIA CONSULTING
POLESTAR,TRAVEL & LODGING
POLICY MARKETING SERVICES,"PR, COMMUNICATIONS, & MARKETING"
POLITICAL COMPLIANCE MANAGEMENT SERVICES,CAMPAIGN CONSULTING
POLITICAL DATA INC,DATA & DATABASE SERVICES
POLITICAL FUNDRAISING GROUP,CAMPAIGN CONSULTING
POLITICAL INK,CAMPAIGN CONSULTING
POLITICAL MARKETING SERVICES,CAMPAIGN CONSULTING
POLITICAL TRAVEL PARTNERS,CAMPAIGN CONSULTING
POLITICAUSE,COMPLIANCE SERVICES
POLITICS & PROSE,GENERAL OPERATIONS & SUPPLIES
POOLHOUSE,MEDIA & ADS
POPPIN INC,OFFICE EXPENSES
PORCHLIGHT BOOK COMPANY,GENERAL OPERATIONS & SUPPLIES
PORTER WRIGHT MORRIS & ARTHUR LLP,CAMPAIGN CONSULTING
POSTAGE FOR DIRECT MAIL FUNDRAISING,DIRECT MAIL
UNITED STATES POSTAL SERVICE/POSTMASTER (USPS),SHIPPING & POSTAGE
POTOMAC WAVES,MEDIA & ADS
PRECISION PAYROLL OF AMERICA,SALARY & PAYROLL PROCESSING FEES
PRECISION STRATEGIES,DIGITAL ADVERTISING
PREFERRED COMMUNICATIONS,OFFICE EXPENSES
PREMIERE TRANSPORTATION,TRAVEL & LODGING
PRESIDIO NETWORKED SOLUTIONS GROUP,SOFTWARE & TECHNOLOGY
PRESTIGE WW INC,"PR, COMMUNICATIONS, & MARKETING"
PRI PRODUCTIONS,MEDIA & ADS
PRIME MEDIA PARTNERS,MEDIA & ADS
PRIMEPAY,SALARY & PAYROLL PROCESSING FEES
PRINT FOR PROGRESS,PRINTING
PRINT MAIL COMMUNICATIONS,DIRECT MAIL
PRISM COMMUNICATIONS,SHIPPING & POSTAGE
PRIVATE JET SERVICES GROUP LLC,TRAVEL & LODGING
PRO PRODUCTION SERVICES,MEDIA & ADS
PRO SPEAKING,FUNDRAISING & FUNDRAISING CONSULTING
PROACTIVE COMMUNICATIONS,"PR, COMMUNICATIONS, & MARKETING"
PRODUCTION DESIGN ASSOCIATES,EVENT EXPENSES
PRODUCTION MANAGEMENT ONE,MEDIA & ADS
PROFESSIONAL DATA SERVICES,DATA & DATABASE SERVICES
PROFESSIONAL PRINT & MAIL,PRINTING
PROGRESS PLEASE,POLITICAL FUNDS & GROUPS
PROLIST,PRINTING
PSW RESEARCH,POLLING & RESEARCH
PUBLIC AFFAIRS SUPPORT SERVICES,COMPLIANCE SERVICES
PUBLIC INTEREST COMMUNICATIONS,"PR, COMMUNICATIONS, & MARKETING"
PUBLIC OPINION STRATEGIES,POLLING & RESEARCH
PUBLIC POLICY POLLING/RESEARCH,POLLING & RESEARCH
PURCELL CONSULTING,FUNDRAISING & FUNDRAISING CONSULTING
PUSH DIGITAL,DIGITAL & SOCIAL MEDIA CONSULTING
PUTNAM PARTNERS,MEDIA & ADS
QTI HUMAN RESOURCES,SALARY & PAYROLL PROCESSING FEES
QUAD SYSTEMS,OFFICE EXPENSES
QUANTUM JETS,TRAVEL & LODGING
QUICKBASE,SOFTWARE & TECHNOLOGY
R3 LLC,SOFTWARE & TECHNOLOGY
RAGNAR RESEARCH PARTNERS,POLLING & RESEARCH
RAINMAKER AD VENTURES,TRAVEL & LODGING
RALSTON LAPP MEDIA,MEDIA & ADS
RANGER INDUSTRIES,GENERAL OPERATIONS & SUPPLIES
RAPID LOOP CONSULTING,COMPLIANCE SERVICES
RAPID RETURNS,DIRECT MAIL
RCBS PAYROLL SERVICES,SALARY & PAYROLL PROCESSING FEES
REACH PROGRESS PBC,SOFTWARE & TECHNOLOGY
REACH RIGHT,WEBSITE SERVICES
REAGAN INVESTMENTS,ACCOUNTING & FINANCIAL MANAGEMENT
RED CURVE SOLUTIONS,COMPLIANCE SERVICES
RED HORSE STRATEGIES,FUNDRAISING & FUNDRAISING CONSULTING
RED MAVERICK MEDIA,MEDIA & ADS
RED OAK STRATEGIC,CAMPAIGN CONSULTING
RED RIVER CO,FUNDRAISING & FUNDRAISING CONSULTING
RED ROCK STRATEGIES,FUNDRAISING & FUNDRAISING CONSULTING
RED STAR PICTURES,MEDIA & ADS
REDPRINT STRATEGY,MEDIA & ADS
REDRIGHT STRATEGIES,CAMPAIGN CONSULTING
REDWAVE COMMUNICATIONS,DIRECT MAIL
REGUS MANAGEMENT GROUP,OFFICE EXPENSES
REID POLITICAL CONSULTING,CAMPAIGN CONSULTING
REMINGTON RESEARCH GROUP,POLLING & RESEARCH
REPRISE CONSULTING,FUNDRAISING & FUNDRAISING CONSULTING
REPUBLICAN NATIONAL COMMITTEE (RNC),POLITICAL FUNDS & GROUPS
RESIDENTIAL PROGRAMS,FUNDRAISING & FUNDRAISING CONSULTING
RESISTANCE LABS,LEGAL SERVICES
RESONANCE CAMPAIGNS,PRINTING
RESPONSE AMERICA,DIRECT MAIL
RETROMEDIA,MEDIA & ADS
RETURN PATH,DIGITAL & SOCIAL MEDIA CONSULTING
REVOLUTION FIELD STRATEGIES,CAMPAIGN CONSULTING
REVOLUTION MESSAGING,DIGITAL ADVERTISING
REVV,CREDIT CARD PROCESSING FEES
REWIRED,SOFTWARE & TECHNOLOGY
RIGHT COUNTRY LISTS,FUNDRAISING & FUNDRAISING CONSULTING
RIGHT VOTER,CAMPAIGN CONSULTING
RIGHTSIDE COMPLIANCE,COMPLIANCE SERVICES
RING LIMITED,MEDIA & ADS
RISING TIDE INTERACTIVE,DIGITAL ADVERTISING
RISING TIDE MEDIA GROUP,MEDIA & ADS
RITZ CARLTON,TRAVEL & LODGING
RIVAL STRATEGY GROUP,"PR, COMMUNICATIONS, & MARKETING"
RIVER CITY BUSINESS SERVICES,SALARY & PAYROLL PROCESSING FEES
RIVER RIGHT,TRAVEL & LODGING
RIZZO DUKES GROUP,FUNDRAISING & FUNDRAISING CONSULTING
ROCK CHALK MEDIA,MEDIA & ADS
ROKU,SOFTWARE & TECHNOLOGY
ROLLA GROUP,FUNDRAISING & FUNDRAISING CONSULTING
ROSE STRATEGIES,FUNDRAISING & FUNDRAISING CONSULTING
ROUND WORLD CONSULTING,COMPLIANCE SERVICES
RSH CAMPAIGNS,DIGITAL ADVERTISING
RST MARKETING,"PR, COMMUNICATIONS, & MARKETING"
RUMBLEUP,SOFTWARE & TECHNOLOGY
RUN THE WORLD,DIGITAL ADVERTISING
RUSSO MARSH & ASSOCIATES INC,CAMPAIGN CONSULTING
RWT PRODUCTIONS,DIRECT MAIL
SABER COMMUNICATIONS,CAMPAIGN CONSULTING
SADA SYSTEMS,DATA & DATABASE SERVICES
SADOUX PRODUCTIONS,MEDIA & ADS
SAGE MEDIA,MEDIA & ADS
SAGUARO STRATEGIES,CAMPAIGN CONSULTING
SALESFORCE,SOFTWARE & TECHNOLOGY
SANDLER INNOCENZI,MEDIA & ADS
SANDLER REIFF LAMB ROSENSTEIN & BIRKENSTOCK,LEGAL SERVICES
SAPPHIRE STRATEGIES,DIGITAL ADVERTISING
SB DIGITAL,DIGITAL ADVERTISING
SCHIMANSKI & ASSOCIATES,FUNDRAISING & FUNDRAISING CONSULTING
SCHOEN COOPERMAN SURVEY RESEARCH,POLLING & RESEARCH
STEPHANIE SCHRIOCK,REIMBURSEMENT
SCM ASSOCIATES,DIRECT MAIL
SCOTT HOWELL & COMPANY,MEDIA & ADS
SCRB STRATEGIES,FUNDRAISING & FUNDRAISING CONSULTING
SCREEN STRATEGIES MEDIA,MEDIA & ADS
SEA ISLAND COMPANY,LEGAL SERVICES
SEASIDE COMMUNICATIONS,FUNDRAISING & FUNDRAISING CONSULTING
SEILER,ACCOUNTING & FINANCIAL MANAGEMENT
SERVICE EMPLOYEES INTERNATIONAL UNION (SEIU),POLITICAL FUNDS & GROUPS
SENA KOZAR STRATEGIES,MEDIA & ADS
SEPTEMBER GROUP,CAMPAIGN CONSULTING
SES STRATEGIES,FUNDRAISING & FUNDRAISING CONSULTING
SEVEN CORNERS PRINTING,PRINTING
SEWARD SQUARE STRATEGIES,DIGITAL & SOCIAL MEDIA CONSULTING
SFC CONSULTING,FUNDRAISING & FUNDRAISING CONSULTING
SFC SECURITY & INTELLIGENCE,LEGAL SERVICES
SHERIDAN STRATEGIES,CAMPAIGN CONSULTING
SHOPIFY,GENERAL OPERATIONS & SUPPLIES
SHORESTART,MEDIA & ADS
SIEGEL STRATEGIES,MEDIA & ADS
SIERRA HILLS CONSULTING,FUNDRAISING & FUNDRAISING CONSULTING
SILVER STRATEGIES & COMMUNICATIONS GROUP,CAMPAIGN CONSULTING
SIMPLE DATA CONCEPTS,DATA & DATABASE SERVICES
SINCLAIR STRATEGIES,CAMPAIGN CONSULTING
SISNEROS STRATEGIES,CAMPAIGN CONSULTING
SIXTEEN THIRTY FUND,POLITICAL FUNDS & GROUPS
SKDKNICKERBOCKER LLC,MEDIA & ADS
SLACK,SOFTWARE & TECHNOLOGY
SMART MEDIA GROUP,MEDIA & ADS
SMGBOK CENTER,EVENT EXPENSES
SMS DIRECT,DIRECT MAIL
SNYDER PICKERILL MEDIA,MEDIA & ADS
SOCKO STRATEGIES,FUNDRAISING & FUNDRAISING CONSULTING
SODEXO INC,MEALS & CATERING
SOLAIRUS AVIATION,TRAVEL & LODGING
SOLIDARITY STRATEGIES,CAMPAIGN CONSULTING
SOMETHING ELSE STRATEGIES,MEDIA & ADS
SOROS FUND MANAGEMENT,ACCOUNTING & FINANCIAL MANAGEMENT
SOUTHWEST AIRLINES,TRAVEL & LODGING
SOUTHWEST PUBLISHING & MAILING,SHIPPING & POSTAGE
SPECTRUM,UTILITIES
SPECTRUM MARKETING COMPANIES,"PR, COMMUNICATIONS, & MARKETING"
SPIROS CONSULTING,CAMPAIGN CONSULTING
SPOT ON,LEGAL SERVICES
SPOTIFY,SOFTWARE & TECHNOLOGY
SRCP MEDIA,MEDIA & ADS
SRH MEDIA,MEDIA & ADS
SSC STRATEGIES,FUNDRAISING & FUNDRAISING CONSULTING
STACY DAVIS & ASSOCIATES,FUNDRAISING & FUNDRAISING CONSULTING
STAMPEDE AMERICA,CANVASSING & FIELD WORK
STAND TOGETHER CHAMBER OF COMMERCE,ACCOUNTING & FINANCIAL MANAGEMENT
STANDARD PRACTICE,CAMPAIGN CONSULTING
STAPLES,OFFICE EXPENSES
STARBOARD COMMUNICATIONS AGENCY,FUNDRAISING & FUNDRAISING CONSULTING
STATES MADE,GENERAL OPERATIONS & SUPPLIES
STELLA MANAGEMENT,TRAVEL & LODGING
STEVE BROWN DIRECT MARKETING,DIRECT MAIL
STG LLC,"PR, COMMUNICATIONS, & MARKETING"
STICK AND RUDDER STRATEGIES,CAMPAIGN CONSULTING
STOMPY,COMPLIANCE SERVICES
STONES PHONES,UTILITIES
STOREFRONT POLITICAL MEDIA,MEDIA & ADS
STORYTELLERS GROUP,DIRECT MAIL
STRATEGIC ADVANCE SERVICES,MEDIA & ADS
STRATEGIC IMPACT,CAMPAIGN CONSULTING
STRATEGIC MEDIA PLACEMENT,MEDIA & ADS
STRATEGIC MEDIA SERVICES,MEDIA & ADS
STRATEGIC PARTNERS & MEDIA,MEDIA & ADS
STRATEGIC PERCEPTION,MEDIA & ADS
STRATEGIES 360,POLLING & RESEARCH
STRATHDEE GROUP,FUNDRAISING & FUNDRAISING CONSULTING
STRATICS NETWORKS,UTILITIES
STRAUSBAKER,LEGAL SERVICES
STRIPE,CREDIT CARD PROCESSING FEES
STU LOESER & CO,"PR, COMMUNICATIONS, & MARKETING"
SULLIVAN ALVARADO,FUNDRAISING & FUNDRAISING CONSULTING
SUMMIT STRATEGIC COMMUNICATIONS,CAMPAIGN CONSULTING
SUNRISE DATA SERVICES,DATA & DATABASE SERVICES
SUPER COLOR DIGITAL,PRINTING
SUSAN GAGE CATERERS,MEALS & CATERING
SWAYABLE,GENERAL OPERATIONS & SUPPLIES
SWING STATE STRATEGY,CAMPAIGN CONSULTING
T9 TALENT,GENERAL OPERATIONS & SUPPLIES
TAG LLC,FUNDRAISING & FUNDRAISING CONSULTING
TALENT PAYMASTER,MEDIA & ADS
TARGET ENTERPRISES,MEDIA & ADS
TARGET POINT CONSULTING,POLLING & RESEARCH
TARGETED CREATIVE COMMUNICATIONS,"PR, COMMUNICATIONS, & MARKETING"
TARGETED ENTERPRISES,MEDIA & ADS
TARGETED PLATFORM MEDIA,MEDIA & ADS
TARGETED VICTORY,CREDIT CARD PROCESSING FEES
TARGETSMART COMMUNICATIONS,DATA & DATABASE SERVICES
TATANGO,ACCOUNTING & FINANCIAL MANAGEMENT
TAYLOR COMMUNICATIONS,"PR, COMMUNICATIONS, & MARKETING"
TEACH TO LEAD,CAMPAIGN CONSULTING
TEALIUM,DATA & DATABASE SERVICES
TECHCENTRICS,ACCOUNTING & FINANCIAL MANAGEMENT
TEMPUS NOVA,SOFTWARE & TECHNOLOGY
THE BAKER GROUP,CAMPAIGN CONSULTING
THE BARBARIAN GROUP,FUNDRAISING & FUNDRAISING CONSULTING
THE BREAKERS,TRAVEL & LODGING
THE CALL CENTER,TRAVEL & LODGING
THE COEFFICIENT GROUP,FUNDRAISING & FUNDRAISING CONSULTING
THE CONRAD GROUP,FUNDRAISING & FUNDRAISING CONSULTING
THE CONTACT CENTER,DIRECT MAIL
THE DATA CENTER,DATA & DATABASE SERVICES
THE ELEVATED GROUP,EVENT EXPENSES
THE ENDICOTT GROUP,ACCOUNTING & FINANCIAL MANAGEMENT
THE EPPSTEIN GROUP,"PR, COMMUNICATIONS, & MARKETING"
THE FROST GROUP,FUNDRAISING & FUNDRAISING CONSULTING
THE GOBER GROUP,CAMPAIGN CONSULTING
THE GULA GRAHAM GROUP,FUNDRAISING & FUNDRAISING CONSULTING
THE HERSHEY COMPANY,GENERAL OPERATIONS & SUPPLIES
THE HIGH POINT GROUP,FUNDRAISING & FUNDRAISING CONSULTING
THE KAUFFMAN GROUP,GENERAL OPERATIONS & SUPPLIES
THE LARRISON GROUP,FUNDRAISING & FUNDRAISING CONSULTING
THE LAYMONT GROUP,FUNDRAISING & FUNDRAISING CONSULTING
THE LINCOLN PROJECT,POLITICAL FUNDS & GROUPS
THE LUKENS COMPANY,DIRECT MAIL
THE MAIL HAUS,DIRECT MAIL
THE MAJORITY INSTITUTE,POLLING & RESEARCH
THE MARKHAM GROUP,EVENT EXPENSES
THE MCINTOSH COMPANY,FUNDRAISING & FUNDRAISING CONSULTING
THE MELLMAN GROUP,CAMPAIGN CONSULTING
THE MERRILL STRATEGY GROUP,DIRECT MAIL
THE MONACO GROUP,DIRECT MAIL
THE MONEY WHEEL,COMPLIANCE SERVICES
THE MORNING GROUP,FUNDRAISING & FUNDRAISING CONSULTING
THE MOVEMENT COOPERATIVE,WEBSITE SERVICES
THE NEW MEDIA FIRM,MEDIA & ADS
THE OORBEEK GROUP,FUNDRAISING & FUNDRAISING CONSULTING
THE OPERATIONS GROUP,CAMPAIGN CONSULTING
THE OUTCAST AGENCY,WEBSITE SERVICES
THE OUTREACH TEAM,CANVASSING & FIELD WORK
THE PARKSIDE GROUP,FUNDRAISING & FUNDRAISING CONSULTING
THE PASS GROUP,CAMPAIGN CONSULTING
THE PERKEY GROUP,FUNDRAISING & FUNDRAISING CONSULTING
THE PIVOT GROUP,PRINTING
THE PROSPER GROUP,DIGITAL & SOCIAL MEDIA CONSULTING
THE RIZZO DUKES GROUP,FUNDRAISING & FUNDRAISING CONSULTING
THE SAHL COMPANY,"PR, COMMUNICATIONS, & MARKETING"
THE SEXTON GROUP,CAMPAIGN CONSULTING
THE SPOKEN HUB,CAMPAIGN CONSULTING
THE STANTON GROUP,OFFICE EXPENSES
THE STONERIDGE GROUP,FUNDRAISING & FUNDRAISING CONSULTING
THE STRATEGY GROUP,DIRECT MAIL
THE TARRANCE GROUP,POLLING & RESEARCH
THE TOWNSEND GROUP,FUNDRAISING & FUNDRAISING CONSULTING
THE TUCKER GROUP,"PR, COMMUNICATIONS, & MARKETING"
THE TRADE DESK,DIGITAL & SOCIAL MEDIA CONSULTING
THE VOYAGEUR COMPANY,DIRECT MAIL
THE WESTIN,TRAVEL & LODGING
THE WHITE HOUSE HISTORICAL ASSOCIATION,GENERAL OPERATIONS & SUPPLIES
THOMAS GRAPHICS,PRINTING
THOMPSON COMMUNICATIONS,"PR, COMMUNICATIONS, & MARKETING"
THREE ARBOR INSURANCE,INSURANCE
THREE POINT MEDIA,MEDIA & ADS
TIDES ADVOCACY,CAMPAIGN CONSULTING
TIGEREYE PROMOTIONS,PRINTING
TM STRATEGIES,FUNDRAISING & FUNDRAISING CONSULTING
TMA DIRECT,DIRECT MAIL
TOP AD CONSULTING,"PR, COMMUNICATIONS, & MARKETING"
TORCHSTONE GLOBAL,ACCOUNTING & FINANCIAL MANAGEMENT
TOSKR,DIGITAL ADVERTISING
TOWN & COUNTRY EVENT RENTALS,EVENT EXPENSES
TRAFALGAR GROUP,POLLING & RESEARCH
TRAILHEAD STRATEGIC COMMUNICATIONS,"PR, COMMUNICATIONS, & MARKETING"
TREASURER OF THE UNITED STATES,MEDIA & ADS
TRIBORO PRINTING,PRINTING
TRILOGY INTERACTIVE,DIGITAL & SOCIAL MEDIA CONSULTING
TRIPACTIONS,TRAVEL & LODGING
TRISTATE ENVELOPE,PRINTING
TRISTER ROSS SCHADLER & GOLD PLLC,LEGAL SERVICES
TRUMP NATIONAL HOTELS,TRAVEL & LODGING
TRUMP TOWER,TRAVEL & LODGING
TRUXTON CREATIVE,MEDIA & ADS
TUCKER GREEN CONSULTING,FUNDRAISING & FUNDRAISING CONSULTING
TULCHIN RESEARCH,POLLING & RESEARCH
TUNSTALL MATTHEW,CAMPAIGN CONSULTING
TUSK DIGITAL,DIGITAL ADVERTISING
TWELVE OAKS,FUNDRAISING & FUNDRAISING CONSULTING
TWILIO,SOFTWARE & TECHNOLOGY
TWITTER,DIGITAL ADVERTISING
TWO DOTS TV,MEDIA & ADS
UBER,TRAVEL & LODGING
UBS,CREDIT CARD PAYMENT & BANK FEES
UHS PREMIUM BILLING,INSURANCE
ULTIPRO,SALARY & PAYROLL PROCESSING FEES
UNANIMOUS MEDIA,MEDIA & ADS
UNBUNDLED UNDERGROUND,MEDIA & ADS
UNIFIED DATA SERVICES,DATA & DATABASE SERVICES
UNION CAMPAIGN MERCHANDISE,GENERAL OPERATIONS & SUPPLIES
UNIONSOURCE,PRINTING
UNISOURCE DIRECT,DIRECT MAIL
UNITE HERE,POLITICAL FUNDS & GROUPS
UNITED AIRLINES,TRAVEL & LODGING
UNITED HEALTHCARE,INSURANCE
UNITED SUPPORT,TRAVEL & LODGING
UNLIMITED TECH SUPPORT,SOFTWARE & TECHNOLOGY
UPLAND,SOFTWARE & TECHNOLOGY
THE UPS STORE,SHIPPING & POSTAGE
US BANK,CREDIT CARD PAYMENT & BANK FEES
US COACHWAYS,TRAVEL & LODGING
USI INSURANCE SERVICES,INSURANCE
UTRECHT KLEINFELD FIORI PARTNERS,LEGAL SERVICES
V2 CONSULTING,FUNDRAISING & FUNDRAISING CONSULTING
VALTIM,SHIPPING & POSTAGE
VAN NESS CREATIVE STRATEGIES,FUNDRAISING & FUNDRAISING CONSULTING
VAR TECHNOLOGY FINANCE,ACCOUNTING & FINANCIAL MANAGEMENT
VENABLE,CAMPAIGN CONSULTING
VENSURE HR,SALARY & PAYROLL PROCESSING FEES
VERACITY MEDIA,MEDIA & ADS
VERDOLINO & LOWEY PC,ACCOUNTING & FINANCIAL MANAGEMENT
VERIZON,UTILITIES
VERTEX,CAMPAIGN CONSULTING
VEVO,DIGITAL & SOCIAL MEDIA CONSULTING
VEYOND,CREDIT CARD PAYMENT & BANK FEES
VICI MEDIA GROUP,MEDIA & ADS
VICTORY ENTERPRISES,CAMPAIGN CONSULTING
VICTORY MEDIA,MEDIA & ADS
VICTORY PHONES,UTILITIES
VISA,CREDIT CARD PAYMENT & BANK FEES
VOICE MEDIA,MEDIA & ADS
VOYA,SALARY & PAYROLL PROCESSING FEES
RICHARD WALTERS,SALARY & PAYROLL
WASHINGTON INTELLIGENCE BUREAU,POLITICAL FUNDS & GROUPS
WATERFRONT STRATEGIES,MEDIA & ADS
WATKINS SECURITY COMPANY,GENERAL OPERATIONS & SUPPLIES
WAVELENGTH STRATEGY,MEDIA & ADS
WCPA,DIRECT MAIL
WE ALSO WALK DOGS,SOFTWARE & TECHNOLOGY
WEBB PAYROLL SERVICES,SALARY & PAYROLL PROCESSING FEES
WELL & LIGHTHOUSE,COMPLIANCE SERVICES
WELLNESS COACHES USA,EVENT EXPENSES
WELLS FARGO,CREDIT CARD PAYMENT & BANK FEES
WESTWEST DIGITAL,DIGITAL & SOCIAL MEDIA CONSULTING
WHEELERHOUSE,CAMPAIGN CONSULTING
WHITE HOUSE HISTORICAL ASSOCIATION,GENERAL OPERATIONS & SUPPLIES
WHITE HOUSE MILITARY OFFICE,GENERAL OPERATIONS & SUPPLIES
WILAND DIRECT,"PR, COMMUNICATIONS, & MARKETING"
WILDFIRE CONTACT,"PR, COMMUNICATIONS, & MARKETING"
WILDFIRE MAIL,DIRECT MAIL
WILEY REIN,CAMPAIGN CONSULTING
WILKE COMMUNICATIONS,DIRECT MAIL
WILLIS OF NEW YORK,INSURANCE
WILLIS TOWERS WATSON,OFFICE EXPENSES
WILLKIE FARR & GALLAGHER,LEGAL SERVICES
WILMER CUTLER PICKERING HALE AND DORR,LEGAL SERVICES
WIN COMPANY,MEDIA & ADS
WIN CREATIVE,"PR, COMMUNICATIONS, & MARKETING"
WIN RED,CREDIT CARD PROCESSING FEES
WIN RIGHT DATA,DATA & DATABASE SERVICES
WINCO FUNDRAISING,FUNDRAISING & FUNDRAISING CONSULTING
WINDING CREEK STRATEGIES,CAMPAIGN CONSULTING
WINDWARD STRATEGIES,DIRECT MAIL
WINNING CONNECTIONS,"PR, COMMUNICATIONS, & MARKETING"
WINNING MARK,WEBSITE SERVICES
WINPISINGER & ASSOCIATES,COMPLIANCE SERVICES
WINTERMIND GROUP,FUNDRAISING & FUNDRAISING CONSULTING
WIZARD STUDIOS NORTH,MEDIA & ADS
WIZBANG SOLUTIONS,"PR, COMMUNICATIONS, & MARKETING"
WORKING AMERICA,FUNDRAISING & FUNDRAISING CONSULTING
WPA INTELLIGENCE (WPAI),POLLING & RESEARCH
WPP GROUP USA INC BREAKTHROUGH CAMPAIGNS,POLLING & RESEARCH
X STRATEGIES,CAMPAIGN CONSULTING
XL GRAPHICS,PRINTING
YAHOO,SOFTWARE & TECHNOLOGY
YELLOW LEAF,PRINTING
JASMINE ZAMANI,SALARY & PAYROLL
ZELDAVISION,LEGAL SERVICES
ZENEFITS (FEES),SALARY & PAYROLL PROCESSING FEES
ZENEFITS (PAYROLL TAX),PAYROLL TAX
ZENEFITS (PAYROLL),SALARY & PAYROLL
ZERO WEEK SOLUTIONS,CANVASSING & FIELD WORK
ZETA GLOBAL CORP,DIGITAL & SOCIAL MEDIA CONSULTING
ZIGNAL LABS,DIGITAL & SOCIAL MEDIA CONSULTING
ZIP MAILING SERVICES,SHIPPING & POSTAGE
ZOOM VIDEO COMMUNICATIONS,SOFTWARE & TECHNOLOGY
ZTRIBECA,MEDIA & ADS